Date,Start (ET),Visitor,Visitor_Pts,Home,Home_Pts,Attend,Home_Win_Margin,Home_Win
"Tue, Oct 17, 2017",8:01p,Boston Celtics,99,Cleveland Cavaliers,102,"20,562",3,1
"Tue, Oct 17, 2017",10:30p,Houston Rockets,122,Golden State Warriors,121,"19,596",-1,0
"Wed, Oct 18, 2017",7:00p,Charlotte Hornets,90,Detroit Pistons,102,"20,491",12,1
"Wed, Oct 18, 2017",7:00p,Brooklyn Nets,131,Indiana Pacers,140,"15,008",9,1
"Wed, Oct 18, 2017",7:00p,Miami Heat,109,Orlando Magic,116,"18,846",7,1
"Wed, Oct 18, 2017",7:00p,Philadelphia 76ers,115,Washington Wizards,120,"20,356",5,1
"Wed, Oct 18, 2017",7:30p,Milwaukee Bucks,108,Boston Celtics,100,"18,624",-8,0
"Wed, Oct 18, 2017",8:00p,New Orleans Pelicans,91,Memphis Grizzlies,103,"17,794",12,1
"Wed, Oct 18, 2017",8:30p,Atlanta Hawks,117,Dallas Mavericks,111,"19,709",-6,0
"Wed, Oct 18, 2017",9:00p,Denver Nuggets,96,Utah Jazz,106,"17,588",10,1
"Wed, Oct 18, 2017",9:30p,Minnesota Timberwolves,99,San Antonio Spurs,107,"18,418",8,1
"Wed, Oct 18, 2017",10:00p,Portland Trail Blazers,124,Phoenix Suns,76,"18,055",-48,0
"Wed, Oct 18, 2017",10:00p,Houston Rockets,105,Sacramento Kings,100,"17,583",-5,0
"Thu, Oct 19, 2017",7:30p,Chicago Bulls,100,Toronto Raptors,117,"19,800",17,1
"Thu, Oct 19, 2017",8:00p,New York Knicks,84,Oklahoma City Thunder,105,"18,203",21,1
"Thu, Oct 19, 2017",10:30p,Los Angeles Clippers,108,Los Angeles Lakers,92,"18,997",-16,0
"Fri, Oct 20, 2017",7:00p,Atlanta Hawks,91,Charlotte Hornets,109,"18,417",18,1
"Fri, Oct 20, 2017",7:00p,Portland Trail Blazers,114,Indiana Pacers,96,"15,325",-18,0
"Fri, Oct 20, 2017",7:00p,Cleveland Cavaliers,116,Milwaukee Bucks,97,"18,717",-19,0
"Fri, Oct 20, 2017",7:00p,Boston Celtics,102,Philadelphia 76ers,92,"20,816",-10,0
"Fri, Oct 20, 2017",7:00p,Detroit Pistons,111,Washington Wizards,115,"16,337",4,1
"Fri, Oct 20, 2017",7:30p,Orlando Magic,121,Brooklyn Nets,126,"16,144",5,1
"Fri, Oct 20, 2017",8:00p,Utah Jazz,97,Minnesota Timberwolves,100,"18,978",3,1
"Fri, Oct 20, 2017",8:30p,Sacramento Kings,93,Dallas Mavericks,88,"19,273",-5,0
"Fri, Oct 20, 2017",9:30p,Golden State Warriors,128,New Orleans Pelicans,120,"18,171",-8,0
"Fri, Oct 20, 2017",10:00p,Los Angeles Lakers,132,Phoenix Suns,130,"18,055",-2,0
"Sat, Oct 21, 2017",7:30p,Philadelphia 76ers,94,Toronto Raptors,128,"19,800",34,1
"Sat, Oct 21, 2017",8:00p,San Antonio Spurs,87,Chicago Bulls,77,"21,640",-10,0
"Sat, Oct 21, 2017",8:00p,Orlando Magic,114,Cleveland Cavaliers,93,"20,562",-21,0
"Sat, Oct 21, 2017",8:00p,Dallas Mavericks,91,Houston Rockets,107,"18,055",16,1
"Sat, Oct 21, 2017",8:00p,Golden State Warriors,101,Memphis Grizzlies,111,"17,794",10,1
"Sat, Oct 21, 2017",8:00p,Indiana Pacers,108,Miami Heat,112,"19,600",4,1
"Sat, Oct 21, 2017",8:00p,Detroit Pistons,111,New York Knicks,107,"19,812",-4,0
"Sat, Oct 21, 2017",8:30p,Portland Trail Blazers,110,Milwaukee Bucks,113,"16,211",3,1
"Sat, Oct 21, 2017",9:00p,Sacramento Kings,79,Denver Nuggets,96,"19,520",17,1
"Sat, Oct 21, 2017",9:00p,Oklahoma City Thunder,87,Utah Jazz,96,"18,300",9,1
"Sat, Oct 21, 2017",10:30p,Phoenix Suns,88,Los Angeles Clippers,130,"19,068",42,1
"Sun, Oct 22, 2017",3:30p,Atlanta Hawks,104,Brooklyn Nets,116,"13,917",12,1
"Sun, Oct 22, 2017",7:00p,Minnesota Timberwolves,115,Oklahoma City Thunder,113,"18,203",-2,0
"Sun, Oct 22, 2017",9:30p,New Orleans Pelicans,119,Los Angeles Lakers,112,"18,997",-7,0
"Mon, Oct 23, 2017",7:00p,Philadelphia 76ers,97,Detroit Pistons,86,"13,709",-11,0
"Mon, Oct 23, 2017",7:30p,Atlanta Hawks,93,Miami Heat,104,"19,600",11,1
"Mon, Oct 23, 2017",8:00p,Memphis Grizzlies,98,Houston Rockets,90,"17,129",-8,0
"Mon, Oct 23, 2017",8:00p,Charlotte Hornets,94,Milwaukee Bucks,103,"12,887",9,1
"Mon, Oct 23, 2017",8:30p,Golden State Warriors,133,Dallas Mavericks,103,"19,875",-30,0
"Mon, Oct 23, 2017",8:30p,Toronto Raptors,97,San Antonio Spurs,101,"18,418",4,1
"Mon, Oct 23, 2017",9:00p,Washington Wizards,109,Denver Nuggets,104,"14,294",-5,0
"Mon, Oct 23, 2017",10:00p,Sacramento Kings,115,Phoenix Suns,117,"14,903",2,1
"Tue, Oct 24, 2017",7:00p,Chicago Bulls,112,Cleveland Cavaliers,119,"20,562",7,1
"Tue, Oct 24, 2017",7:00p,Brooklyn Nets,121,Orlando Magic,125,"16,015",4,1
"Tue, Oct 24, 2017",7:30p,New York Knicks,89,Boston Celtics,110,"18,624",21,1
"Tue, Oct 24, 2017",8:00p,Indiana Pacers,130,Minnesota Timberwolves,107,"14,353",-23,0
"Tue, Oct 24, 2017",10:00p,New Orleans Pelicans,93,Portland Trail Blazers,103,"19,446",10,1
"Tue, Oct 24, 2017",10:30p,Utah Jazz,84,Los Angeles Clippers,102,"16,607",18,1
"Wed, Oct 25, 2017",7:00p,Denver Nuggets,93,Charlotte Hornets,110,"14,253",17,1
"Wed, Oct 25, 2017",7:00p,Minnesota Timberwolves,101,Detroit Pistons,122,"13,790",21,1
"Wed, Oct 25, 2017",7:00p,Houston Rockets,105,Philadelphia 76ers,104,"20,682",-1,0
"Wed, Oct 25, 2017",7:30p,Cleveland Cavaliers,107,Brooklyn Nets,112,"17,732",5,1
"Wed, Oct 25, 2017",8:00p,San Antonio Spurs,117,Miami Heat,100,"19,600",-17,0
"Wed, Oct 25, 2017",8:00p,Indiana Pacers,96,Oklahoma City Thunder,114,"18,203",18,1
"Wed, Oct 25, 2017",8:30p,Memphis Grizzlies,94,Dallas Mavericks,103,"19,674",9,1
"Wed, Oct 25, 2017",10:00p,Utah Jazz,88,Phoenix Suns,97,"16,022",9,1
"Wed, Oct 25, 2017",10:30p,Toronto Raptors,112,Golden State Warriors,117,"19,596",5,1
"Wed, Oct 25, 2017",10:30p,Washington Wizards,99,Los Angeles Lakers,102,"18,996",3,1
"Thu, Oct 26, 2017",8:00p,Atlanta Hawks,86,Chicago Bulls,91,"21,104",5,1
"Thu, Oct 26, 2017",8:00p,Dallas Mavericks,91,Memphis Grizzlies,96,"15,839",5,1
"Thu, Oct 26, 2017",8:00p,Boston Celtics,96,Milwaukee Bucks,89,"11,046",-7,0
"Thu, Oct 26, 2017",10:00p,Los Angeles Clippers,104,Portland Trail Blazers,103,"18,694",-1,0
"Thu, Oct 26, 2017",10:30p,New Orleans Pelicans,114,Sacramento Kings,106,"17,583",-8,0
"Fri, Oct 27, 2017",7:00p,Houston Rockets,109,Charlotte Hornets,93,"17,339",-16,0
"Fri, Oct 27, 2017",7:00p,San Antonio Spurs,87,Orlando Magic,114,"17,337",27,1
"Fri, Oct 27, 2017",7:30p,Denver Nuggets,105,Atlanta Hawks,100,"16,220",-5,0
"Fri, Oct 27, 2017",7:30p,Brooklyn Nets,86,New York Knicks,107,"19,812",21,1
"Fri, Oct 27, 2017",8:00p,Oklahoma City Thunder,116,Minnesota Timberwolves,119,"17,620",3,1
"Fri, Oct 27, 2017",10:30p,Washington Wizards,117,Golden State Warriors,120,"19,596",3,1
"Fri, Oct 27, 2017",10:30p,Toronto Raptors,101,Los Angeles Lakers,92,"17,876",-9,0
"Sat, Oct 28, 2017",7:00p,Cleveland Cavaliers,101,New Orleans Pelicans,123,"18,539",22,1
"Sat, Oct 28, 2017",8:00p,Oklahoma City Thunder,101,Chicago Bulls,69,"21,706",-32,0
"Sat, Oct 28, 2017",8:00p,Houston Rockets,89,Memphis Grizzlies,103,"17,033",14,1
"Sat, Oct 28, 2017",8:00p,Boston Celtics,96,Miami Heat,90,"19,600",-6,0
"Sat, Oct 28, 2017",8:30p,Philadelphia 76ers,112,Dallas Mavericks,110,"19,567",-2,0
"Sat, Oct 28, 2017",9:00p,Los Angeles Lakers,81,Utah Jazz,96,"18,306",15,1
"Sat, Oct 28, 2017",10:00p,Phoenix Suns,107,Portland Trail Blazers,114,"19,343",7,1
"Sat, Oct 28, 2017",10:30p,Detroit Pistons,95,Los Angeles Clippers,87,"17,247",-8,0
"Sun, Oct 29, 2017",3:30p,Milwaukee Bucks,117,Atlanta Hawks,106,"14,014",-11,0
"Sun, Oct 29, 2017",4:30p,San Antonio Spurs,94,Indiana Pacers,97,"15,013",3,1
"Sun, Oct 29, 2017",6:00p,Denver Nuggets,124,Brooklyn Nets,111,"14,854",-13,0
"Sun, Oct 29, 2017",6:00p,Orlando Magic,113,Charlotte Hornets,120,"15,531",7,1
"Sun, Oct 29, 2017",6:00p,Washington Wizards,110,Sacramento Kings,83,"17,583",-27,0
"Sun, Oct 29, 2017",7:00p,New York Knicks,114,Cleveland Cavaliers,95,"20,562",-19,0
"Sun, Oct 29, 2017",8:30p,Detroit Pistons,115,Golden State Warriors,107,"19,596",-8,0
"Mon, Oct 30, 2017",7:30p,San Antonio Spurs,94,Boston Celtics,108,"18,624",14,1
"Mon, Oct 30, 2017",7:30p,Minnesota Timberwolves,125,Miami Heat,122,"19,600",-3,0
"Mon, Oct 30, 2017",7:30p,Denver Nuggets,110,New York Knicks,116,"19,812",6,1
"Mon, Oct 30, 2017",8:00p,Philadelphia 76ers,115,Houston Rockets,107,"16,714",-8,0
"Mon, Oct 30, 2017",8:00p,Charlotte Hornets,104,Memphis Grizzlies,99,"15,771",-5,0
"Mon, Oct 30, 2017",8:00p,Orlando Magic,115,New Orleans Pelicans,99,"14,004",-16,0
"Mon, Oct 30, 2017",9:00p,Dallas Mavericks,89,Utah Jazz,104,"16,221",15,1
"Mon, Oct 30, 2017",10:00p,Toronto Raptors,99,Portland Trail Blazers,85,"18,505",-14,0
"Mon, Oct 30, 2017",10:30p,Golden State Warriors,141,Los Angeles Clippers,113,"19,068",-28,0
"Tue, Oct 31, 2017",7:00p,Sacramento Kings,83,Indiana Pacers,101,"12,245",18,1
"Tue, Oct 31, 2017",7:30p,Phoenix Suns,122,Brooklyn Nets,114,"12,936",-8,0
"Tue, Oct 31, 2017",8:00p,Oklahoma City Thunder,110,Milwaukee Bucks,91,"16,713",-19,0
"Tue, Oct 31, 2017",10:30p,Detroit Pistons,93,Los Angeles Lakers,113,"17,569",20,1
"Wed, Nov 1, 2017",7:00p,Milwaukee Bucks,121,Charlotte Hornets,126,"15,655",5,1
"Wed, Nov 1, 2017",7:00p,Indiana Pacers,124,Cleveland Cavaliers,107,"20,562",-17,0
"Wed, Nov 1, 2017",7:00p,Atlanta Hawks,109,Philadelphia 76ers,119,"20,549",10,1
"Wed, Nov 1, 2017",7:00p,Phoenix Suns,122,Washington Wizards,116,"14,790",-6,0
"Wed, Nov 1, 2017",7:30p,Sacramento Kings,86,Boston Celtics,113,"18,624",27,1
"Wed, Nov 1, 2017",7:30p,Chicago Bulls,91,Miami Heat,97,"19,600",6,1
"Wed, Nov 1, 2017",8:00p,Orlando Magic,101,Memphis Grizzlies,99,"15,434",-2,0
"Wed, Nov 1, 2017",8:00p,Minnesota Timberwolves,104,New Orleans Pelicans,98,"14,788",-6,0
"Wed, Nov 1, 2017",8:00p,Houston Rockets,119,New York Knicks,97,"18,320",-22,0
"Wed, Nov 1, 2017",9:00p,Toronto Raptors,111,Denver Nuggets,129,"14,072",18,1
"Wed, Nov 1, 2017",9:00p,Portland Trail Blazers,103,Utah Jazz,112,"16,685",9,1
"Wed, Nov 1, 2017",10:30p,Dallas Mavericks,98,Los Angeles Clippers,119,"13,487",21,1
"Thu, Nov 2, 2017",8:00p,Golden State Warriors,112,San Antonio Spurs,92,"18,418",-20,0
"Thu, Nov 2, 2017",10:30p,Los Angeles Lakers,110,Portland Trail Blazers,113,"19,469",3,1
"Fri, Nov 3, 2017",7:00p,Milwaukee Bucks,96,Detroit Pistons,105,"17,207",9,1
"Fri, Nov 3, 2017",7:00p,Chicago Bulls,105,Orlando Magic,83,"19,171",-22,0
"Fri, Nov 3, 2017",7:00p,Indiana Pacers,110,Philadelphia 76ers,121,"20,668",11,1
"Fri, Nov 3, 2017",7:00p,Cleveland Cavaliers,130,Washington Wizards,122,"20,356",-8,0
"Fri, Nov 3, 2017",7:30p,Houston Rockets,119,Atlanta Hawks,104,"14,087",-15,0
"Fri, Nov 3, 2017",7:30p,Phoenix Suns,107,New York Knicks,120,"19,404",13,1
"Fri, Nov 3, 2017",8:30p,New Orleans Pelicans,99,Dallas Mavericks,94,"19,894",-5,0
"Fri, Nov 3, 2017",8:30p,Charlotte Hornets,101,San Antonio Spurs,108,"18,418",7,1
"Fri, Nov 3, 2017",9:00p,Miami Heat,94,Denver Nuggets,95,"15,317",1,1
"Fri, Nov 3, 2017",9:00p,Toronto Raptors,109,Utah Jazz,100,"16,258",-9,0
"Fri, Nov 3, 2017",9:30p,Boston Celtics,101,Oklahoma City Thunder,94,"18,203",-7,0
"Fri, Nov 3, 2017",10:30p,Brooklyn Nets,112,Los Angeles Lakers,124,"18,997",12,1
"Sat, Nov 4, 2017",3:30p,Memphis Grizzlies,113,Los Angeles Clippers,104,"14,777",-9,0
"Sat, Nov 4, 2017",7:00p,Sacramento Kings,99,Detroit Pistons,108,"17,683",9,1
"Sat, Nov 4, 2017",8:00p,New Orleans Pelicans,96,Chicago Bulls,90,"21,254",-6,0
"Sat, Nov 4, 2017",8:00p,Dallas Mavericks,99,Minnesota Timberwolves,112,"16,837",13,1
"Sat, Nov 4, 2017",9:00p,Golden State Warriors,127,Denver Nuggets,108,"19,711",-19,0
"Sun, Nov 5, 2017",3:00p,Atlanta Hawks,117,Cleveland Cavaliers,115,"20,562",-2,0
"Sun, Nov 5, 2017",3:30p,Miami Heat,104,Los Angeles Clippers,101,"15,676",-3,0
"Sun, Nov 5, 2017",6:00p,Boston Celtics,104,Orlando Magic,88,"17,731",-16,0
"Sun, Nov 5, 2017",6:00p,Washington Wizards,107,Toronto Raptors,96,"19,800",-11,0
"Sun, Nov 5, 2017",7:00p,Utah Jazz,110,Houston Rockets,137,"16,914",27,1
"Sun, Nov 5, 2017",7:00p,Phoenix Suns,95,San Antonio Spurs,112,"18,038",17,1
"Sun, Nov 5, 2017",7:30p,Indiana Pacers,101,New York Knicks,108,"17,889",7,1
"Sun, Nov 5, 2017",8:00p,Charlotte Hornets,94,Minnesota Timberwolves,112,"14,124",18,1
"Sun, Nov 5, 2017",9:00p,Oklahoma City Thunder,99,Portland Trail Blazers,103,"19,393",4,1
"Sun, Nov 5, 2017",9:30p,Memphis Grizzlies,102,Los Angeles Lakers,107,"18,997",5,1
"Mon, Nov 6, 2017",7:30p,Boston Celtics,110,Atlanta Hawks,107,"13,215",-3,0
"Mon, Nov 6, 2017",9:00p,Brooklyn Nets,98,Phoenix Suns,92,"15,905",-6,0
"Mon, Nov 6, 2017",10:30p,Miami Heat,80,Golden State Warriors,97,"19,596",17,1
"Tue, Nov 7, 2017",7:00p,Milwaukee Bucks,119,Cleveland Cavaliers,124,"20,562",5,1
"Tue, Nov 7, 2017",7:00p,New Orleans Pelicans,117,Indiana Pacers,112,"15,014",-5,0
"Tue, Nov 7, 2017",7:00p,Dallas Mavericks,113,Washington Wizards,99,"14,505",-14,0
"Tue, Nov 7, 2017",7:30p,Charlotte Hornets,113,New York Knicks,118,"18,704",5,1
"Tue, Nov 7, 2017",7:30p,Chicago Bulls,114,Toronto Raptors,119,"19,800",5,1
"Tue, Nov 7, 2017",8:30p,Los Angeles Clippers,107,San Antonio Spurs,120,"18,418",13,1
"Tue, Nov 7, 2017",9:00p,Brooklyn Nets,104,Denver Nuggets,112,"14,058",8,1
"Tue, Nov 7, 2017",9:00p,Philadelphia 76ers,104,Utah Jazz,97,"16,063",-7,0
"Tue, Nov 7, 2017",10:00p,Memphis Grizzlies,98,Portland Trail Blazers,97,"18,692",-1,0
"Tue, Nov 7, 2017",10:00p,Oklahoma City Thunder,86,Sacramento Kings,94,"17,583",8,1
"Wed, Nov 8, 2017",7:00p,Indiana Pacers,97,Detroit Pistons,114,"14,407",17,1
"Wed, Nov 8, 2017",7:00p,New York Knicks,99,Orlando Magic,112,"18,803",13,1
"Wed, Nov 8, 2017",8:00p,Los Angeles Lakers,96,Boston Celtics,107,"18,624",11,1
"Wed, Nov 8, 2017",9:00p,Miami Heat,126,Phoenix Suns,115,"16,500",-11,0
"Wed, Nov 8, 2017",10:30p,Minnesota Timberwolves,101,Golden State Warriors,125,"19,596",24,1
"Thu, Nov 9, 2017",7:00p,Los Angeles Lakers,95,Washington Wizards,111,"20,356",16,1
"Thu, Nov 9, 2017",7:30p,New Orleans Pelicans,118,Toronto Raptors,122,"19,800",4,1
"Thu, Nov 9, 2017",8:00p,Cleveland Cavaliers,113,Houston Rockets,117,"18,055",4,1
"Thu, Nov 9, 2017",10:00p,Philadelphia 76ers,108,Sacramento Kings,109,"17,583",1,1
"Thu, Nov 9, 2017",10:30p,Oklahoma City Thunder,94,Denver Nuggets,102,"19,520",8,1
"Fri, Nov 10, 2017",7:00p,Atlanta Hawks,104,Detroit Pistons,111,"16,687",7,1
"Fri, Nov 10, 2017",7:30p,Charlotte Hornets,87,Boston Celtics,90,"18,624",3,1
"Fri, Nov 10, 2017",8:00p,Indiana Pacers,105,Chicago Bulls,87,"22,416",-18,0
"Fri, Nov 10, 2017",9:00p,Los Angeles Clippers,111,Oklahoma City Thunder,120,"18,203",9,1
"Fri, Nov 10, 2017",9:00p,Orlando Magic,128,Phoenix Suns,112,"16,507",-16,0
"Fri, Nov 10, 2017",9:00p,Milwaukee Bucks,94,San Antonio Spurs,87,"18,418",-7,0
"Fri, Nov 10, 2017",9:00p,Miami Heat,84,Utah Jazz,74,"18,306",-10,0
"Fri, Nov 10, 2017",10:00p,Brooklyn Nets,101,Portland Trail Blazers,97,"19,393",-4,0
"Sat, Nov 11, 2017",7:00p,Los Angeles Clippers,103,New Orleans Pelicans,111,"17,624",8,1
"Sat, Nov 11, 2017",7:00p,Atlanta Hawks,94,Washington Wizards,113,"17,260",19,1
"Sat, Nov 11, 2017",8:00p,Memphis Grizzlies,96,Houston Rockets,111,"18,055",15,1
"Sat, Nov 11, 2017",8:00p,Sacramento Kings,91,New York Knicks,118,"19,812",27,1
"Sat, Nov 11, 2017",8:30p,Cleveland Cavaliers,111,Dallas Mavericks,104,"20,378",-7,0
"Sat, Nov 11, 2017",8:30p,Philadelphia 76ers,114,Golden State Warriors,135,"19,596",21,1
"Sat, Nov 11, 2017",8:30p,Los Angeles Lakers,90,Milwaukee Bucks,98,"18,717",8,1
"Sat, Nov 11, 2017",8:30p,Chicago Bulls,94,San Antonio Spurs,133,"18,418",39,1
"Sat, Nov 11, 2017",9:00p,Orlando Magic,107,Denver Nuggets,125,"16,688",18,1
"Sat, Nov 11, 2017",9:00p,Minnesota Timberwolves,110,Phoenix Suns,118,"16,910",8,1
"Sat, Nov 11, 2017",9:00p,Brooklyn Nets,106,Utah Jazz,114,"17,413",8,1
"Sun, Nov 12, 2017",3:30p,Toronto Raptors,94,Boston Celtics,95,"18,624",1,1
"Sun, Nov 12, 2017",4:00p,Miami Heat,103,Detroit Pistons,112,"16,236",9,1
"Sun, Nov 12, 2017",6:00p,Houston Rockets,118,Indiana Pacers,95,"15,581",-23,0
"Sun, Nov 12, 2017",7:00p,Dallas Mavericks,99,Oklahoma City Thunder,112,"18,203",13,1
"Mon, Nov 13, 2017",7:00p,Sacramento Kings,92,Washington Wizards,110,"14,660",18,1
"Mon, Nov 13, 2017",7:30p,Cleveland Cavaliers,104,New York Knicks,101,"19,812",-3,0
"Mon, Nov 13, 2017",8:00p,Memphis Grizzlies,103,Milwaukee Bucks,110,"13,244",7,1
"Mon, Nov 13, 2017",8:00p,Atlanta Hawks,105,New Orleans Pelicans,106,"14,631",1,1
"Mon, Nov 13, 2017",9:00p,Los Angeles Lakers,100,Phoenix Suns,93,"17,533",-7,0
"Mon, Nov 13, 2017",9:00p,Minnesota Timberwolves,109,Utah Jazz,98,"17,236",-11,0
"Mon, Nov 13, 2017",10:00p,Denver Nuggets,82,Portland Trail Blazers,99,"18,895",17,1
"Mon, Nov 13, 2017",10:30p,Orlando Magic,100,Golden State Warriors,110,"19,596",10,1
"Mon, Nov 13, 2017",10:30p,Philadelphia 76ers,109,Los Angeles Clippers,105,"19,068",-4,0
"Tue, Nov 14, 2017",7:30p,Boston Celtics,109,Brooklyn Nets,102,"17,732",-7,0
"Tue, Nov 14, 2017",8:00p,Toronto Raptors,129,Houston Rockets,113,"18,055",-16,0
"Tue, Nov 14, 2017",8:30p,San Antonio Spurs,97,Dallas Mavericks,91,"19,535",-6,0
"Wed, Nov 15, 2017",7:30p,Sacramento Kings,80,Atlanta Hawks,126,"13,860",46,1
"Wed, Nov 15, 2017",7:30p,Washington Wizards,102,Miami Heat,93,"19,600",-9,0
"Wed, Nov 15, 2017",7:30p,Utah Jazz,101,New York Knicks,106,"18,695",5,1
"Wed, Nov 15, 2017",8:00p,Cleveland Cavaliers,115,Charlotte Hornets,107,"19,427",-8,0
"Wed, Nov 15, 2017",8:00p,Indiana Pacers,116,Memphis Grizzlies,113,"16,033",-3,0
"Wed, Nov 15, 2017",8:00p,Detroit Pistons,95,Milwaukee Bucks,99,"14,594",4,1
"Wed, Nov 15, 2017",8:00p,San Antonio Spurs,86,Minnesota Timberwolves,98,"18,978",12,1
"Wed, Nov 15, 2017",8:00p,Toronto Raptors,125,New Orleans Pelicans,116,"15,654",-9,0
"Wed, Nov 15, 2017",8:00p,Chicago Bulls,79,Oklahoma City Thunder,92,"18,203",13,1
"Wed, Nov 15, 2017",10:00p,Orlando Magic,94,Portland Trail Blazers,99,"19,206",5,1
"Wed, Nov 15, 2017",10:30p,Philadelphia 76ers,115,Los Angeles Lakers,109,"18,997",-6,0
"Thu, Nov 16, 2017",8:00p,Golden State Warriors,88,Boston Celtics,92,"18,624",4,1
"Thu, Nov 16, 2017",10:30p,Houston Rockets,142,Phoenix Suns,116,"16,875",-26,0
"Fri, Nov 17, 2017",7:00p,Detroit Pistons,100,Indiana Pacers,107,"17,188",7,1
"Fri, Nov 17, 2017",7:00p,Miami Heat,91,Washington Wizards,88,"17,551",-3,0
"Fri, Nov 17, 2017",7:30p,Utah Jazz,107,Brooklyn Nets,118,"14,495",11,1
"Fri, Nov 17, 2017",7:30p,Los Angeles Clippers,113,Cleveland Cavaliers,118,"20,562",5,1
"Fri, Nov 17, 2017",7:30p,New York Knicks,84,Toronto Raptors,107,"19,800",23,1
"Fri, Nov 17, 2017",8:00p,Charlotte Hornets,120,Chicago Bulls,123,"20,493",3,1
"Fri, Nov 17, 2017",8:00p,Oklahoma City Thunder,101,San Antonio Spurs,104,"18,418",3,1
"Fri, Nov 17, 2017",8:30p,Minnesota Timberwolves,111,Dallas Mavericks,87,"19,459",-24,0
"Fri, Nov 17, 2017",10:00p,Portland Trail Blazers,82,Sacramento Kings,86,"17,583",4,1
"Fri, Nov 17, 2017",10:30p,New Orleans Pelicans,114,Denver Nuggets,146,"16,816",32,1
"Fri, Nov 17, 2017",10:30p,Phoenix Suns,122,Los Angeles Lakers,113,"18,997",-9,0
"Sat, Nov 18, 2017",7:00p,Los Angeles Clippers,87,Charlotte Hornets,102,"17,640",15,1
"Sat, Nov 18, 2017",7:00p,Utah Jazz,125,Orlando Magic,85,"19,157",-40,0
"Sat, Nov 18, 2017",7:30p,Boston Celtics,110,Atlanta Hawks,99,"16,381",-11,0
"Sat, Nov 18, 2017",7:30p,Golden State Warriors,124,Philadelphia 76ers,116,"20,848",-8,0
"Sat, Nov 18, 2017",8:00p,Houston Rockets,105,Memphis Grizzlies,83,"17,266",-22,0
"Sat, Nov 18, 2017",9:00p,Milwaukee Bucks,79,Dallas Mavericks,111,"19,949",32,1
"Sat, Nov 18, 2017",10:00p,Sacramento Kings,90,Portland Trail Blazers,102,"19,522",12,1
"Sun, Nov 19, 2017",3:30p,Washington Wizards,91,Toronto Raptors,100,"19,800",9,1
"Sun, Nov 19, 2017",5:00p,Indiana Pacers,120,Miami Heat,95,"19,600",-25,0
"Sun, Nov 19, 2017",6:00p,Golden State Warriors,118,Brooklyn Nets,111,"17,732",-7,0
"Sun, Nov 19, 2017",7:00p,Detroit Pistons,100,Minnesota Timberwolves,97,"16,069",-3,0
"Sun, Nov 19, 2017",8:00p,Chicago Bulls,105,Phoenix Suns,113,"16,264",8,1
"Sun, Nov 19, 2017",9:30p,Denver Nuggets,109,Los Angeles Lakers,127,"18,997",18,1
"Mon, Nov 20, 2017",7:00p,Minnesota Timberwolves,102,Charlotte Hornets,118,"15,978",16,1
"Mon, Nov 20, 2017",7:00p,Cleveland Cavaliers,116,Detroit Pistons,88,"20,491",-28,0
"Mon, Nov 20, 2017",7:00p,Indiana Pacers,105,Orlando Magic,97,"17,239",-8,0
"Mon, Nov 20, 2017",7:00p,Utah Jazz,86,Philadelphia 76ers,107,"20,587",21,1
"Mon, Nov 20, 2017",7:30p,Los Angeles Clippers,85,New York Knicks,107,"18,848",22,1
"Mon, Nov 20, 2017",8:00p,Portland Trail Blazers,100,Memphis Grizzlies,92,"15,785",-8,0
"Mon, Nov 20, 2017",8:00p,Washington Wizards,99,Milwaukee Bucks,88,"16,122",-11,0
"Mon, Nov 20, 2017",8:00p,Oklahoma City Thunder,107,New Orleans Pelicans,114,"16,765",7,1
"Mon, Nov 20, 2017",8:30p,Boston Celtics,110,Dallas Mavericks,102,"20,302",-8,0
"Mon, Nov 20, 2017",8:30p,Atlanta Hawks,85,San Antonio Spurs,96,"18,418",11,1
"Mon, Nov 20, 2017",10:00p,Denver Nuggets,114,Sacramento Kings,98,"17,583",-16,0
"Tue, Nov 21, 2017",10:30p,Chicago Bulls,94,Los Angeles Lakers,103,"18,997",9,1
"Wed, Nov 22, 2017",7:00p,Washington Wizards,124,Charlotte Hornets,129,"16,041",5,1
"Wed, Nov 22, 2017",7:00p,Brooklyn Nets,109,Cleveland Cavaliers,119,"20,562",10,1
"Wed, Nov 22, 2017",7:00p,Portland Trail Blazers,81,Philadelphia 76ers,101,"20,605",20,1
"Wed, Nov 22, 2017",7:30p,Los Angeles Clippers,116,Atlanta Hawks,103,"12,675",-13,0
"Wed, Nov 22, 2017",7:30p,Boston Celtics,98,Miami Heat,104,"19,704",6,1
"Wed, Nov 22, 2017",7:30p,Toronto Raptors,100,New York Knicks,108,"19,812",8,1
"Wed, Nov 22, 2017",8:00p,Denver Nuggets,95,Houston Rockets,125,"18,055",30,1
"Wed, Nov 22, 2017",8:00p,Dallas Mavericks,95,Memphis Grizzlies,94,"16,101",-1,0
"Wed, Nov 22, 2017",8:00p,Orlando Magic,118,Minnesota Timberwolves,124,"16,402",6,1
"Wed, Nov 22, 2017",8:00p,San Antonio Spurs,90,New Orleans Pelicans,107,"17,539",17,1
"Wed, Nov 22, 2017",8:00p,Golden State Warriors,91,Oklahoma City Thunder,108,"18,203",17,1
"Wed, Nov 22, 2017",9:00p,Milwaukee Bucks,113,Phoenix Suns,107,"16,270",-6,0
"Wed, Nov 22, 2017",9:00p,Chicago Bulls,80,Utah Jazz,110,"17,434",30,1
"Wed, Nov 22, 2017",10:30p,Los Angeles Lakers,102,Sacramento Kings,113,"17,583",11,1
"Fri, Nov 24, 2017",12:00p,Portland Trail Blazers,127,Brooklyn Nets,125,"15,246",-2,0
"Fri, Nov 24, 2017",7:30p,New York Knicks,104,Atlanta Hawks,116,"14,355",12,1
"Fri, Nov 24, 2017",7:30p,Orlando Magic,103,Boston Celtics,118,"18,624",15,1
"Fri, Nov 24, 2017",8:00p,Charlotte Hornets,99,Cleveland Cavaliers,100,"20,562",1,1
"Fri, Nov 24, 2017",8:00p,Toronto Raptors,104,Indiana Pacers,107,"16,523",3,1
"Fri, Nov 24, 2017",8:00p,Miami Heat,109,Minnesota Timberwolves,97,"18,978",-12,0
"Fri, Nov 24, 2017",8:00p,Detroit Pistons,99,Oklahoma City Thunder,98,"18,203",-1,0
"Fri, Nov 24, 2017",9:00p,Memphis Grizzlies,92,Denver Nuggets,104,"16,736",12,1
"Fri, Nov 24, 2017",9:00p,New Orleans Pelicans,115,Phoenix Suns,91,"16,574",-24,0
"Fri, Nov 24, 2017",10:30p,Chicago Bulls,94,Golden State Warriors,143,"19,596",49,1
"Sat, Nov 25, 2017",7:00p,San Antonio Spurs,106,Charlotte Hornets,86,"18,597",-20,0
"Sat, Nov 25, 2017",7:00p,Orlando Magic,111,Philadelphia 76ers,130,"20,585",19,1
"Sat, Nov 25, 2017",7:00p,Portland Trail Blazers,108,Washington Wizards,105,"18,092",-3,0
"Sat, Nov 25, 2017",7:30p,Toronto Raptors,112,Atlanta Hawks,78,"12,278",-34,0
"Sat, Nov 25, 2017",8:00p,New York Knicks,102,Houston Rockets,117,"18,055",15,1
"Sat, Nov 25, 2017",8:00p,Boston Celtics,108,Indiana Pacers,98,"16,303",-10,0
"Sat, Nov 25, 2017",8:30p,Oklahoma City Thunder,81,Dallas Mavericks,97,"20,340",16,1
"Sat, Nov 25, 2017",8:30p,New Orleans Pelicans,95,Golden State Warriors,110,"19,596",15,1
"Sat, Nov 25, 2017",9:00p,Milwaukee Bucks,108,Utah Jazz,121,"17,298",13,1
"Sat, Nov 25, 2017",10:00p,Los Angeles Clippers,97,Sacramento Kings,95,"17,583",-2,0
"Sun, Nov 26, 2017",3:30p,Miami Heat,100,Chicago Bulls,93,"20,928",-7,0
"Sun, Nov 26, 2017",3:30p,Phoenix Suns,108,Minnesota Timberwolves,119,"16,448",11,1
"Sun, Nov 26, 2017",6:00p,Brooklyn Nets,98,Memphis Grizzlies,88,"14,889",-10,0
"Mon, Nov 27, 2017",7:00p,Orlando Magic,109,Indiana Pacers,121,"12,501",12,1
"Mon, Nov 27, 2017",7:00p,Cleveland Cavaliers,113,Philadelphia 76ers,91,"20,527",-22,0
"Mon, Nov 27, 2017",7:30p,Detroit Pistons,118,Boston Celtics,108,"18,624",-10,0
"Mon, Nov 27, 2017",7:30p,Portland Trail Blazers,103,New York Knicks,91,"18,409",-12,0
"Mon, Nov 27, 2017",8:00p,Brooklyn Nets,103,Houston Rockets,117,"16,189",14,1
"Mon, Nov 27, 2017",8:30p,Dallas Mavericks,108,San Antonio Spurs,115,"17,918",7,1
"Mon, Nov 27, 2017",10:30p,Sacramento Kings,110,Golden State Warriors,106,"19,596",-4,0
"Mon, Nov 27, 2017",10:30p,Los Angeles Lakers,115,Los Angeles Clippers,120,"18,086",5,1
"Tue, Nov 28, 2017",7:00p,Miami Heat,97,Cleveland Cavaliers,108,"20,562",11,1
"Tue, Nov 28, 2017",8:00p,Phoenix Suns,104,Chicago Bulls,99,"18,324",-5,0
"Tue, Nov 28, 2017",8:00p,Washington Wizards,92,Minnesota Timberwolves,89,"13,442",-3,0
"Tue, Nov 28, 2017",10:00p,Milwaukee Bucks,112,Sacramento Kings,87,"17,583",-25,0
"Tue, Nov 28, 2017",10:00p,Denver Nuggets,77,Utah Jazz,106,"16,790",29,1
"Wed, Nov 29, 2017",7:00p,Phoenix Suns,107,Detroit Pistons,131,"18,096",24,1
"Wed, Nov 29, 2017",7:00p,Oklahoma City Thunder,108,Orlando Magic,121,"17,797",13,1
"Wed, Nov 29, 2017",7:00p,Washington Wizards,113,Philadelphia 76ers,118,"20,492",5,1
"Wed, Nov 29, 2017",7:30p,Miami Heat,86,New York Knicks,115,"17,693",29,1
"Wed, Nov 29, 2017",7:30p,Charlotte Hornets,113,Toronto Raptors,126,"19,800",13,1
"Wed, Nov 29, 2017",8:00p,Indiana Pacers,97,Houston Rockets,118,"16,760",21,1
"Wed, Nov 29, 2017",8:00p,Minnesota Timberwolves,120,New Orleans Pelicans,102,"15,555",-18,0
"Wed, Nov 29, 2017",8:30p,Brooklyn Nets,109,Dallas Mavericks,104,"19,327",-5,0
"Wed, Nov 29, 2017",8:30p,Memphis Grizzlies,95,San Antonio Spurs,104,"18,013",9,1
"Wed, Nov 29, 2017",10:30p,Golden State Warriors,127,Los Angeles Lakers,123,"18,997",-4,0
"Thu, Nov 30, 2017",7:30p,Cleveland Cavaliers,121,Atlanta Hawks,114,"16,379",-7,0
"Thu, Nov 30, 2017",7:30p,Philadelphia 76ers,97,Boston Celtics,108,"18,624",11,1
"Thu, Nov 30, 2017",9:00p,Chicago Bulls,110,Denver Nuggets,111,"15,156",1,1
"Thu, Nov 30, 2017",10:00p,Milwaukee Bucks,103,Portland Trail Blazers,91,"19,459",-12,0
"Thu, Nov 30, 2017",10:30p,Utah Jazz,126,Los Angeles Clippers,107,"15,139",-19,0
"Fri, Dec 1, 2017",7:00p,Golden State Warriors,133,Orlando Magic,112,"18,846",-21,0
"Fri, Dec 1, 2017",7:00p,Detroit Pistons,91,Washington Wizards,109,"17,885",18,1
"Fri, Dec 1, 2017",7:30p,Indiana Pacers,115,Toronto Raptors,120,"19,800",5,1
"Fri, Dec 1, 2017",8:00p,Sacramento Kings,107,Chicago Bulls,106,"19,268",-1,0
"Fri, Dec 1, 2017",8:00p,San Antonio Spurs,95,Memphis Grizzlies,79,"16,413",-16,0
"Fri, Dec 1, 2017",8:00p,Charlotte Hornets,100,Miami Heat,105,"19,600",5,1
"Fri, Dec 1, 2017",8:00p,Minnesota Timberwolves,107,Oklahoma City Thunder,111,"18,203",4,1
"Fri, Dec 1, 2017",9:00p,New Orleans Pelicans,108,Utah Jazz,114,"17,725",6,1
"Sat, Dec 2, 2017",1:00p,Phoenix Suns,111,Boston Celtics,116,"18,624",5,1
"Sat, Dec 2, 2017",2:00p,Los Angeles Clippers,82,Dallas Mavericks,108,"19,245",26,1
"Sat, Dec 2, 2017",3:00p,Atlanta Hawks,114,Brooklyn Nets,102,"13,949",-12,0
"Sat, Dec 2, 2017",7:30p,Memphis Grizzlies,111,Cleveland Cavaliers,116,"20,562",5,1
"Sat, Dec 2, 2017",7:30p,Detroit Pistons,103,Philadelphia 76ers,108,"20,562",5,1
"Sat, Dec 2, 2017",8:30p,Sacramento Kings,104,Milwaukee Bucks,109,"15,581",5,1
"Sat, Dec 2, 2017",9:00p,Los Angeles Lakers,100,Denver Nuggets,115,"19,520",15,1
"Sat, Dec 2, 2017",10:00p,New Orleans Pelicans,123,Portland Trail Blazers,116,"18,730",-7,0
"Sun, Dec 3, 2017",3:30p,Orlando Magic,105,New York Knicks,100,"19,082",-5,0
"Sun, Dec 3, 2017",7:00p,Golden State Warriors,123,Miami Heat,95,"19,600",-28,0
"Sun, Dec 3, 2017",7:00p,Los Angeles Clippers,106,Minnesota Timberwolves,112,"13,172",6,1
"Sun, Dec 3, 2017",7:00p,San Antonio Spurs,87,Oklahoma City Thunder,90,"18,203",3,1
"Sun, Dec 3, 2017",9:30p,Houston Rockets,118,Los Angeles Lakers,95,"18,997",-23,0
"Mon, Dec 4, 2017",7:00p,Orlando Magic,94,Charlotte Hornets,104,"14,419",10,1
"Mon, Dec 4, 2017",7:00p,New York Knicks,97,Indiana Pacers,115,"12,018",18,1
"Mon, Dec 4, 2017",7:00p,Phoenix Suns,115,Philadelphia 76ers,101,"20,564",-14,0
"Mon, Dec 4, 2017",7:30p,Brooklyn Nets,110,Atlanta Hawks,90,"12,056",-20,0
"Mon, Dec 4, 2017",7:30p,Milwaukee Bucks,100,Boston Celtics,111,"18,624",11,1
"Mon, Dec 4, 2017",8:00p,Cleveland Cavaliers,113,Chicago Bulls,91,"21,323",-22,0
"Mon, Dec 4, 2017",8:00p,Minnesota Timberwolves,92,Memphis Grizzlies,95,"14,012",3,1
"Mon, Dec 4, 2017",8:00p,Golden State Warriors,125,New Orleans Pelicans,115,"17,004",-10,0
"Mon, Dec 4, 2017",8:30p,Denver Nuggets,105,Dallas Mavericks,122,"19,419",17,1
"Mon, Dec 4, 2017",8:30p,Detroit Pistons,93,San Antonio Spurs,96,"18,288",3,1
"Mon, Dec 4, 2017",9:00p,Washington Wizards,69,Utah Jazz,116,"17,227",47,1
"Tue, Dec 5, 2017",7:30p,Phoenix Suns,113,Toronto Raptors,126,"19,800",13,1
"Tue, Dec 5, 2017",8:00p,Utah Jazz,94,Oklahoma City Thunder,100,"18,203",6,1
"Tue, Dec 5, 2017",10:00p,Washington Wizards,106,Portland Trail Blazers,92,"19,241",-14,0
"Wed, Dec 6, 2017",7:00p,Sacramento Kings,95,Cleveland Cavaliers,101,"20,562",6,1
"Wed, Dec 6, 2017",7:00p,Chicago Bulls,96,Indiana Pacers,98,"13,013",2,1
"Wed, Dec 6, 2017",7:00p,Atlanta Hawks,106,Orlando Magic,110,"16,167",4,1
"Wed, Dec 6, 2017",7:30p,Dallas Mavericks,90,Boston Celtics,97,"18,624",7,1
"Wed, Dec 6, 2017",7:30p,Memphis Grizzlies,88,New York Knicks,99,"19,812",11,1
"Wed, Dec 6, 2017",8:00p,Golden State Warriors,101,Charlotte Hornets,87,"19,334",-14,0
"Wed, Dec 6, 2017",8:00p,Detroit Pistons,100,Milwaukee Bucks,104,"15,841",4,1
"Wed, Dec 6, 2017",8:00p,Denver Nuggets,114,New Orleans Pelicans,123,"15,353",9,1
"Wed, Dec 6, 2017",8:30p,Miami Heat,105,San Antonio Spurs,117,"18,252",12,1
"Wed, Dec 6, 2017",10:30p,Minnesota Timberwolves,113,Los Angeles Clippers,107,"15,951",-6,0
"Thu, Dec 7, 2017",8:00p,Los Angeles Lakers,107,Philadelphia 76ers,104,"20,495",-3,0
"Thu, Dec 7, 2017",9:00p,Washington Wizards,109,Phoenix Suns,99,"15,925",-10,0
"Thu, Dec 7, 2017",10:00p,Oklahoma City Thunder,95,Brooklyn Nets,100,"20,562",5,1
"Thu, Dec 7, 2017",10:30p,Houston Rockets,112,Utah Jazz,101,"18,306",-11,0
"Fri, Dec 8, 2017",7:00p,Chicago Bulls,119,Charlotte Hornets,111,"14,077",-8,0
"Fri, Dec 8, 2017",7:00p,Golden State Warriors,102,Detroit Pistons,98,"20,491",-4,0
"Fri, Dec 8, 2017",7:00p,Cleveland Cavaliers,102,Indiana Pacers,106,"17,032",4,1
"Fri, Dec 8, 2017",7:00p,Denver Nuggets,103,Orlando Magic,89,"16,024",-14,0
"Fri, Dec 8, 2017",8:00p,Toronto Raptors,116,Memphis Grizzlies,107,"15,417",-9,0
"Fri, Dec 8, 2017",8:00p,Dallas Mavericks,102,Milwaukee Bucks,109,"15,889",7,1
"Fri, Dec 8, 2017",8:00p,Sacramento Kings,116,New Orleans Pelicans,109,"15,019",-7,0
"Fri, Dec 8, 2017",9:30p,Boston Celtics,102,San Antonio Spurs,105,"18,418",3,1
"Sat, Dec 9, 2017",3:30p,Washington Wizards,112,Los Angeles Clippers,113,"15,739",1,1
"Sat, Dec 9, 2017",6:00p,Miami Heat,101,Brooklyn Nets,89,"19,777",-12,0
"Sat, Dec 9, 2017",7:00p,Los Angeles Lakers,110,Charlotte Hornets,99,"19,320",-11,0
"Sat, Dec 9, 2017",7:30p,Orlando Magic,110,Atlanta Hawks,117,"12,719",7,1
"Sat, Dec 9, 2017",8:00p,New York Knicks,102,Chicago Bulls,104,"20,149",2,1
"Sat, Dec 9, 2017",8:00p,Philadelphia 76ers,98,Cleveland Cavaliers,105,"20,562",7,1
"Sat, Dec 9, 2017",8:30p,Utah Jazz,100,Milwaukee Bucks,117,"16,675",17,1
"Sat, Dec 9, 2017",9:00p,Oklahoma City Thunder,102,Memphis Grizzlies,101,"17,794",-1,0
"Sat, Dec 9, 2017",9:00p,San Antonio Spurs,104,Phoenix Suns,101,"16,575",-3,0
"Sat, Dec 9, 2017",10:00p,Houston Rockets,124,Portland Trail Blazers,117,"19,503",-7,0
"Sun, Dec 10, 2017",3:30p,Toronto Raptors,102,Sacramento Kings,87,"17,583",-15,0
"Sun, Dec 10, 2017",4:00p,Boston Celtics,91,Detroit Pistons,81,"18,776",-10,0
"Sun, Dec 10, 2017",5:00p,Denver Nuggets,116,Indiana Pacers,126,"14,587",10,1
"Sun, Dec 10, 2017",7:00p,Dallas Mavericks,92,Minnesota Timberwolves,97,"13,094",5,1
"Sun, Dec 10, 2017",7:00p,Philadelphia 76ers,124,New Orleans Pelicans,131,"16,878",7,1
"Sun, Dec 10, 2017",7:30p,Atlanta Hawks,107,New York Knicks,111,"19,189",4,1
"Mon, Dec 11, 2017",8:00p,Boston Celtics,85,Chicago Bulls,108,"19,617",23,1
"Mon, Dec 11, 2017",8:00p,New Orleans Pelicans,123,Houston Rockets,130,"18,055",7,1
"Mon, Dec 11, 2017",8:00p,Miami Heat,107,Memphis Grizzlies,82,"14,857",-25,0
"Mon, Dec 11, 2017",8:00p,Charlotte Hornets,116,Oklahoma City Thunder,103,"18,203",-13,0
"Mon, Dec 11, 2017",10:30p,Portland Trail Blazers,104,Golden State Warriors,111,"19,596",7,1
"Mon, Dec 11, 2017",10:30p,Toronto Raptors,91,Los Angeles Clippers,96,"16,658",5,1
"Tue, Dec 12, 2017",7:00p,Atlanta Hawks,114,Cleveland Cavaliers,123,"20,562",9,1
"Tue, Dec 12, 2017",7:00p,Denver Nuggets,103,Detroit Pistons,84,"15,480",-19,0
"Tue, Dec 12, 2017",7:00p,Los Angeles Lakers,109,New York Knicks,113,"19,359",4,1
"Tue, Dec 12, 2017",7:30p,Washington Wizards,98,Brooklyn Nets,103,"14,515",5,1
"Tue, Dec 12, 2017",8:30p,San Antonio Spurs,89,Dallas Mavericks,95,"19,874",6,1
"Tue, Dec 12, 2017",9:30p,Philadelphia 76ers,118,Minnesota Timberwolves,112,"14,659",-6,0
"Tue, Dec 12, 2017",10:00p,Phoenix Suns,92,Sacramento Kings,99,"17,583",7,1
"Wed, Dec 13, 2017",7:00p,Oklahoma City Thunder,100,Indiana Pacers,95,"17,923",-5,0
"Wed, Dec 13, 2017",7:00p,Los Angeles Clippers,106,Orlando Magic,95,"16,011",-11,0
"Wed, Dec 13, 2017",7:00p,Memphis Grizzlies,87,Washington Wizards,93,"15,297",6,1
"Wed, Dec 13, 2017",7:30p,Denver Nuggets,118,Boston Celtics,124,"18,624",6,1
"Wed, Dec 13, 2017",7:30p,Portland Trail Blazers,102,Miami Heat,95,"19,600",-7,0
"Wed, Dec 13, 2017",8:00p,Utah Jazz,100,Chicago Bulls,103,"18,102",3,1
"Wed, Dec 13, 2017",8:00p,Milwaukee Bucks,108,New Orleans Pelicans,115,"16,863",7,1
"Wed, Dec 13, 2017",9:00p,Toronto Raptors,115,Phoenix Suns,109,"15,517",-6,0
"Wed, Dec 13, 2017",9:30p,Charlotte Hornets,96,Houston Rockets,108,"16,509",12,1
"Thu, Dec 14, 2017",7:30p,Detroit Pistons,105,Atlanta Hawks,91,"13,548",-14,0
"Thu, Dec 14, 2017",7:30p,New York Knicks,111,Brooklyn Nets,104,"17,732",-7,0
"Thu, Dec 14, 2017",8:00p,Los Angeles Lakers,112,Cleveland Cavaliers,121,"20,562",9,1
"Thu, Dec 14, 2017",8:00p,Sacramento Kings,96,Minnesota Timberwolves,119,"11,126",23,1
"Thu, Dec 14, 2017",10:30p,Dallas Mavericks,97,Golden State Warriors,112,"19,596",15,1
"Fri, Dec 15, 2017",7:00p,Miami Heat,104,Charlotte Hornets,98,"15,565",-6,0
"Fri, Dec 15, 2017",7:00p,Detroit Pistons,104,Indiana Pacers,98,"14,687",-6,0
"Fri, Dec 15, 2017",7:00p,Portland Trail Blazers,95,Orlando Magic,88,"16,963",-7,0
"Fri, Dec 15, 2017",7:00p,Oklahoma City Thunder,119,Philadelphia 76ers,117,"20,612",-2,0
"Fri, Dec 15, 2017",7:00p,Los Angeles Clippers,91,Washington Wizards,100,"15,442",9,1
"Fri, Dec 15, 2017",7:30p,Utah Jazz,107,Boston Celtics,95,"18,624",-12,0
"Fri, Dec 15, 2017",7:30p,Brooklyn Nets,87,Toronto Raptors,120,"19,800",33,1
"Fri, Dec 15, 2017",8:00p,Atlanta Hawks,94,Memphis Grizzlies,96,"15,803",2,1
"Fri, Dec 15, 2017",8:00p,Chicago Bulls,115,Milwaukee Bucks,109,"16,921",-6,0
"Fri, Dec 15, 2017",9:00p,New Orleans Pelicans,111,Denver Nuggets,117,"17,584",6,1
"Fri, Dec 15, 2017",9:30p,San Antonio Spurs,109,Houston Rockets,124,"18,055",15,1
"Sat, Dec 16, 2017",7:00p,Portland Trail Blazers,93,Charlotte Hornets,91,"16,687",-2,0
"Sat, Dec 16, 2017",7:30p,Utah Jazz,100,Cleveland Cavaliers,109,"20,562",9,1
"Sat, Dec 16, 2017",7:30p,Oklahoma City Thunder,96,New York Knicks,111,"19,812",15,1
"Sat, Dec 16, 2017",8:00p,Milwaukee Bucks,111,Houston Rockets,115,"18,055",4,1
"Sat, Dec 16, 2017",8:00p,Los Angeles Clippers,85,Miami Heat,90,"19,600",5,1
"Sat, Dec 16, 2017",8:00p,Phoenix Suns,108,Minnesota Timberwolves,106,"18,109",-2,0
"Sat, Dec 16, 2017",8:30p,Dallas Mavericks,96,San Antonio Spurs,98,"18,418",2,1
"Sat, Dec 16, 2017",9:00p,Boston Celtics,102,Memphis Grizzlies,93,"17,794",-9,0
"Sun, Dec 17, 2017",3:30p,Sacramento Kings,93,Toronto Raptors,108,"19,800",15,1
"Sun, Dec 17, 2017",4:00p,Orlando Magic,110,Detroit Pistons,114,"16,312",4,1
"Sun, Dec 17, 2017",6:00p,Indiana Pacers,109,Brooklyn Nets,97,"13,934",-12,0
"Sun, Dec 17, 2017",6:00p,Cleveland Cavaliers,106,Washington Wizards,99,"20,356",-7,0
"Mon, Dec 18, 2017",7:00p,New York Knicks,91,Charlotte Hornets,109,"15,386",18,1
"Mon, Dec 18, 2017",7:00p,Boston Celtics,112,Indiana Pacers,111,"16,055",-1,0
"Mon, Dec 18, 2017",7:30p,Miami Heat,104,Atlanta Hawks,110,"14,227",6,1
"Mon, Dec 18, 2017",8:00p,Philadelphia 76ers,115,Chicago Bulls,117,"20,796",2,1
"Mon, Dec 18, 2017",8:00p,Utah Jazz,99,Houston Rockets,120,"18,055",21,1
"Mon, Dec 18, 2017",8:00p,Portland Trail Blazers,107,Minnesota Timberwolves,108,"14,187",1,1
"Mon, Dec 18, 2017",8:00p,Denver Nuggets,94,Oklahoma City Thunder,95,"18,203",1,1
"Mon, Dec 18, 2017",8:30p,Phoenix Suns,97,Dallas Mavericks,91,"19,245",-6,0
"Mon, Dec 18, 2017",8:30p,Los Angeles Clippers,91,San Antonio Spurs,109,"18,418",18,1
"Mon, Dec 18, 2017",10:30p,Golden State Warriors,116,Los Angeles Lakers,114,"18,997",-2,0
"Tue, Dec 19, 2017",7:00p,Sacramento Kings,101,Philadelphia 76ers,95,"20,558",-6,0
"Tue, Dec 19, 2017",7:00p,New Orleans Pelicans,106,Washington Wizards,116,"16,529",10,1
"Tue, Dec 19, 2017",8:00p,Cleveland Cavaliers,116,Milwaukee Bucks,119,"18,717",3,1
"Wed, Dec 20, 2017",7:00p,Toronto Raptors,129,Charlotte Hornets,111,"15,023",-18,0
"Wed, Dec 20, 2017",7:30p,Indiana Pacers,105,Atlanta Hawks,95,"14,830",-10,0
"Wed, Dec 20, 2017",7:30p,Miami Heat,90,Boston Celtics,89,"18,624",-1,0
"Wed, Dec 20, 2017",7:30p,Sacramento Kings,104,Brooklyn Nets,99,"13,179",-5,0
"Wed, Dec 20, 2017",8:00p,Orlando Magic,94,Chicago Bulls,112,"20,285",18,1
"Wed, Dec 20, 2017",8:00p,Los Angeles Lakers,122,Houston Rockets,116,"18,055",-6,0
"Wed, Dec 20, 2017",8:00p,Utah Jazz,79,Oklahoma City Thunder,107,"18,203",28,1
"Wed, Dec 20, 2017",8:30p,Detroit Pistons,93,Dallas Mavericks,110,"19,580",17,1
"Wed, Dec 20, 2017",9:00p,Minnesota Timberwolves,112,Denver Nuggets,104,"17,002",-8,0
"Wed, Dec 20, 2017",10:00p,San Antonio Spurs,93,Portland Trail Blazers,91,"19,393",-2,0
"Wed, Dec 20, 2017",10:30p,Memphis Grizzlies,84,Golden State Warriors,97,"19,596",13,1
"Wed, Dec 20, 2017",10:30p,Phoenix Suns,95,Los Angeles Clippers,108,"17,151",13,1
"Thu, Dec 21, 2017",7:00p,Chicago Bulls,112,Cleveland Cavaliers,115,"20,562",3,1
"Thu, Dec 21, 2017",7:00p,Toronto Raptors,114,Philadelphia 76ers,109,"20,680",-5,0
"Thu, Dec 21, 2017",8:00p,Boston Celtics,93,New York Knicks,102,"19,812",9,1
"Thu, Dec 21, 2017",9:00p,Memphis Grizzlies,95,Phoenix Suns,97,"16,339",2,1
"Thu, Dec 21, 2017",10:30p,San Antonio Spurs,89,Utah Jazz,100,"18,306",11,1
"Fri, Dec 22, 2017",7:00p,New York Knicks,101,Detroit Pistons,104,"16,922",3,1
"Fri, Dec 22, 2017",7:00p,New Orleans Pelicans,111,Orlando Magic,97,"18,846",-14,0
"Fri, Dec 22, 2017",7:30p,Washington Wizards,84,Brooklyn Nets,119,"15,589",35,1
"Fri, Dec 22, 2017",8:00p,Los Angeles Clippers,128,Houston Rockets,118,"18,055",-10,0
"Fri, Dec 22, 2017",8:00p,Dallas Mavericks,101,Miami Heat,113,"19,600",12,1
"Fri, Dec 22, 2017",8:00p,Charlotte Hornets,104,Milwaukee Bucks,109,"17,018",5,1
"Fri, Dec 22, 2017",8:00p,Atlanta Hawks,117,Oklahoma City Thunder,120,"18,203",3,1
"Fri, Dec 22, 2017",10:00p,Denver Nuggets,102,Portland Trail Blazers,85,"19,473",-17,0
"Fri, Dec 22, 2017",10:30p,Los Angeles Lakers,106,Golden State Warriors,113,"19,596",7,1
"Sat, Dec 23, 2017",5:00p,Philadelphia 76ers,86,Toronto Raptors,102,"19,800",16,1
"Sat, Dec 23, 2017",7:00p,Milwaukee Bucks,106,Charlotte Hornets,111,"18,363",5,1
"Sat, Dec 23, 2017",7:00p,Brooklyn Nets,119,Indiana Pacers,123,"17,107",4,1
"Sat, Dec 23, 2017",7:00p,Orlando Magic,103,Washington Wizards,130,"17,218",27,1
"Sat, Dec 23, 2017",7:30p,Dallas Mavericks,107,Atlanta Hawks,112,"13,402",5,1
"Sat, Dec 23, 2017",7:30p,Chicago Bulls,92,Boston Celtics,117,"18,624",25,1
"Sat, Dec 23, 2017",8:00p,Los Angeles Clippers,112,Memphis Grizzlies,115,"16,844",3,1
"Sat, Dec 23, 2017",8:00p,New Orleans Pelicans,109,Miami Heat,94,"19,600",-15,0
"Sat, Dec 23, 2017",8:00p,Oklahoma City Thunder,103,Utah Jazz,89,"18,306",-14,0
"Sat, Dec 23, 2017",8:30p,Denver Nuggets,96,Golden State Warriors,81,"19,596",-15,0
"Sat, Dec 23, 2017",9:00p,Minnesota Timberwolves,115,Phoenix Suns,106,"16,482",-9,0
"Sat, Dec 23, 2017",9:30p,Portland Trail Blazers,95,Los Angeles Lakers,92,"18,997",-3,0
"Sat, Dec 23, 2017",10:00p,San Antonio Spurs,108,Sacramento Kings,99,"17,583",-9,0
"Mon, Dec 25, 2017",12:00p,Philadelphia 76ers,105,New York Knicks,98,"19,812",-7,0
"Mon, Dec 25, 2017",3:00p,Cleveland Cavaliers,92,Golden State Warriors,99,"19,596",7,1
"Mon, Dec 25, 2017",5:30p,Washington Wizards,111,Boston Celtics,103,"18,624",-8,0
"Mon, Dec 25, 2017",8:00p,Houston Rockets,107,Oklahoma City Thunder,112,"18,203",5,1
"Mon, Dec 25, 2017",10:30p,Minnesota Timberwolves,121,Los Angeles Lakers,104,"18,997",-17,0
"Tue, Dec 26, 2017",7:00p,Toronto Raptors,93,Dallas Mavericks,98,"20,005",5,1
"Tue, Dec 26, 2017",7:00p,Indiana Pacers,83,Detroit Pistons,107,"20,491",24,1
"Tue, Dec 26, 2017",7:30p,Orlando Magic,89,Miami Heat,107,"19,600",18,1
"Tue, Dec 26, 2017",8:00p,Chicago Bulls,115,Milwaukee Bucks,106,"18,717",-9,0
"Tue, Dec 26, 2017",8:30p,Brooklyn Nets,97,San Antonio Spurs,109,"18,492",12,1
"Tue, Dec 26, 2017",9:00p,Utah Jazz,83,Denver Nuggets,107,"17,104",24,1
"Tue, Dec 26, 2017",9:00p,Memphis Grizzlies,97,Phoenix Suns,99,"17,105",2,1
"Tue, Dec 26, 2017",10:30p,Sacramento Kings,95,Los Angeles Clippers,122,"16,393",27,1
"Wed, Dec 27, 2017",7:00p,Boston Celtics,102,Charlotte Hornets,91,"19,611",-11,0
"Wed, Dec 27, 2017",7:00p,Dallas Mavericks,98,Indiana Pacers,94,"17,923",-4,0
"Wed, Dec 27, 2017",7:30p,Washington Wizards,99,Atlanta Hawks,113,"15,763",14,1
"Wed, Dec 27, 2017",8:00p,New York Knicks,87,Chicago Bulls,92,"21,883",5,1
"Wed, Dec 27, 2017",8:00p,Denver Nuggets,125,Minnesota Timberwolves,128,"18,978",3,1
"Wed, Dec 27, 2017",8:00p,Brooklyn Nets,113,New Orleans Pelicans,128,"16,707",15,1
"Wed, Dec 27, 2017",8:00p,Toronto Raptors,107,Oklahoma City Thunder,124,"18,203",17,1
"Wed, Dec 27, 2017",10:00p,Cleveland Cavaliers,95,Sacramento Kings,109,"17,583",14,1
"Wed, Dec 27, 2017",10:30p,Utah Jazz,101,Golden State Warriors,126,"19,596",25,1
"Wed, Dec 27, 2017",10:30p,Memphis Grizzlies,109,Los Angeles Lakers,99,"18,997",-10,0
"Thu, Dec 28, 2017",7:00p,Detroit Pistons,89,Orlando Magic,102,"18,846",13,1
"Thu, Dec 28, 2017",8:00p,Houston Rockets,98,Boston Celtics,99,"18,624",1,1
"Thu, Dec 28, 2017",8:00p,Minnesota Timberwolves,96,Milwaukee Bucks,102,"18,717",6,1
"Thu, Dec 28, 2017",8:30p,New York Knicks,107,San Antonio Spurs,119,"18,935",12,1
"Thu, Dec 28, 2017",10:30p,Philadelphia 76ers,110,Portland Trail Blazers,114,"20,104",4,1
"Fri, Dec 29, 2017",7:00p,Houston Rockets,103,Washington Wizards,121,"20,356",18,1
"Fri, Dec 29, 2017",7:30p,Atlanta Hawks,98,Toronto Raptors,111,"19,800",13,1
"Fri, Dec 29, 2017",8:00p,Indiana Pacers,107,Chicago Bulls,119,"21,178",12,1
"Fri, Dec 29, 2017",8:00p,Brooklyn Nets,111,Miami Heat,87,"19,600",-24,0
"Fri, Dec 29, 2017",8:00p,Dallas Mavericks,128,New Orleans Pelicans,120,"16,878",-8,0
"Fri, Dec 29, 2017",8:00p,Milwaukee Bucks,97,Oklahoma City Thunder,95,"18,203",-2,0
"Fri, Dec 29, 2017",10:00p,Phoenix Suns,111,Sacramento Kings,101,"17,583",-10,0
"Fri, Dec 29, 2017",10:30p,Charlotte Hornets,111,Golden State Warriors,100,"19,596",-11,0
"Fri, Dec 29, 2017",10:30p,Los Angeles Clippers,121,Los Angeles Lakers,106,"18,997",-15,0
"Sat, Dec 30, 2017",7:00p,San Antonio Spurs,79,Detroit Pistons,93,"19,671",14,1
"Sat, Dec 30, 2017",7:00p,New York Knicks,105,New Orleans Pelicans,103,"16,947",-2,0
"Sat, Dec 30, 2017",7:00p,Miami Heat,117,Orlando Magic,111,"18,846",-6,0
"Sat, Dec 30, 2017",7:30p,Portland Trail Blazers,89,Atlanta Hawks,104,"15,877",15,1
"Sat, Dec 30, 2017",8:00p,Cleveland Cavaliers,101,Utah Jazz,104,"18,306",3,1
"Sat, Dec 30, 2017",8:30p,Memphis Grizzlies,128,Golden State Warriors,141,"19,596",13,1
"Sat, Dec 30, 2017",9:00p,Philadelphia 76ers,107,Denver Nuggets,102,"19,599",-5,0
"Sun, Dec 31, 2017",3:30p,Chicago Bulls,110,Washington Wizards,114,"20,356",4,1
"Sun, Dec 31, 2017",5:00p,Minnesota Timberwolves,107,Indiana Pacers,90,"17,923",-17,0
"Sun, Dec 31, 2017",5:30p,Brooklyn Nets,105,Boston Celtics,108,"18,624",3,1
"Sun, Dec 31, 2017",7:00p,Los Angeles Lakers,142,Houston Rockets,148,"18,179",6,1
"Sun, Dec 31, 2017",7:00p,Charlotte Hornets,98,Los Angeles Clippers,106,"17,348",8,1
"Sun, Dec 31, 2017",7:00p,Dallas Mavericks,116,Oklahoma City Thunder,113,"18,203",-3,0
"Sun, Dec 31, 2017",7:00p,Memphis Grizzlies,114,Sacramento Kings,96,"17,583",-18,0
"Sun, Dec 31, 2017",8:00p,Philadelphia 76ers,123,Phoenix Suns,110,"16,983",-13,0
"Mon, Jan 1, 2018",7:30p,Orlando Magic,95,Brooklyn Nets,98,"16,164",3,1
"Mon, Jan 1, 2018",7:30p,Milwaukee Bucks,127,Toronto Raptors,131,"19,800",4,1
"Mon, Jan 1, 2018",8:00p,Portland Trail Blazers,124,Chicago Bulls,120,"20,860",-4,0
"Mon, Jan 1, 2018",8:00p,Los Angeles Lakers,96,Minnesota Timberwolves,114,"18,978",18,1
"Tue, Jan 2, 2018",7:00p,Portland Trail Blazers,110,Cleveland Cavaliers,127,"20,562",17,1
"Tue, Jan 2, 2018",7:30p,San Antonio Spurs,100,New York Knicks,91,"19,812",-9,0
"Tue, Jan 2, 2018",9:00p,Atlanta Hawks,103,Phoenix Suns,104,"15,921",1,1
"Tue, Jan 2, 2018",10:00p,Charlotte Hornets,131,Sacramento Kings,111,"17,583",-20,0
"Tue, Jan 2, 2018",10:30p,Memphis Grizzlies,105,Los Angeles Clippers,113,"15,711",8,1
"Wed, Jan 3, 2018",7:00p,Houston Rockets,116,Orlando Magic,98,"18,588",-18,0
"Wed, Jan 3, 2018",7:00p,San Antonio Spurs,106,Philadelphia 76ers,112,"20,642",6,1
"Wed, Jan 3, 2018",7:00p,New York Knicks,103,Washington Wizards,121,"17,206",18,1
"Wed, Jan 3, 2018",7:30p,Minnesota Timberwolves,97,Brooklyn Nets,98,"16,215",1,1
"Wed, Jan 3, 2018",7:30p,Detroit Pistons,104,Miami Heat,111,"19,600",7,1
"Wed, Jan 3, 2018",8:00p,Cleveland Cavaliers,88,Boston Celtics,102,"18,624",14,1
"Wed, Jan 3, 2018",8:00p,Toronto Raptors,124,Chicago Bulls,115,"20,056",-9,0
"Wed, Jan 3, 2018",8:00p,Indiana Pacers,101,Milwaukee Bucks,122,"15,613",21,1
"Wed, Jan 3, 2018",8:30p,Golden State Warriors,125,Dallas Mavericks,122,"20,212",-3,0
"Wed, Jan 3, 2018",9:00p,Phoenix Suns,111,Denver Nuggets,134,"14,079",23,1
"Wed, Jan 3, 2018",9:00p,New Orleans Pelicans,108,Utah Jazz,98,"18,306",-10,0
"Wed, Jan 3, 2018",10:30p,Oklahoma City Thunder,133,Los Angeles Lakers,96,"18,997",-37,0
"Thu, Jan 4, 2018",8:00p,Golden State Warriors,124,Houston Rockets,114,"18,055",-10,0
"Thu, Jan 4, 2018",10:30p,Oklahoma City Thunder,127,Los Angeles Clippers,117,"19,068",-10,0
"Fri, Jan 5, 2018",7:00p,Minnesota Timberwolves,84,Boston Celtics,91,"18,624",7,1
"Fri, Jan 5, 2018",7:00p,Detroit Pistons,78,Philadelphia 76ers,114,"20,592",36,1
"Fri, Jan 5, 2018",8:00p,New York Knicks,103,Miami Heat,107,"19,600",4,1
"Fri, Jan 5, 2018",8:00p,Toronto Raptors,129,Milwaukee Bucks,110,"18,717",-19,0
"Fri, Jan 5, 2018",8:30p,Chicago Bulls,127,Dallas Mavericks,124,"20,073",-3,0
"Fri, Jan 5, 2018",8:30p,Phoenix Suns,89,San Antonio Spurs,103,"18,501",14,1
"Fri, Jan 5, 2018",9:00p,Utah Jazz,91,Denver Nuggets,99,"15,557",8,1
"Fri, Jan 5, 2018",9:30p,Washington Wizards,102,Memphis Grizzlies,100,"16,988",-2,0
"Fri, Jan 5, 2018",10:00p,Atlanta Hawks,89,Portland Trail Blazers,110,"19,393",21,1
"Fri, Jan 5, 2018",10:30p,Charlotte Hornets,108,Los Angeles Lakers,94,"18,997",-14,0
"Sat, Jan 6, 2018",3:30p,Golden State Warriors,121,Los Angeles Clippers,105,"19,068",-16,0
"Sat, Jan 6, 2018",6:00p,Boston Celtics,87,Brooklyn Nets,85,"17,732",-2,0
"Sat, Jan 6, 2018",7:00p,Houston Rockets,101,Detroit Pistons,108,"18,046",7,1
"Sat, Jan 6, 2018",7:00p,Chicago Bulls,86,Indiana Pacers,125,"17,923",39,1
"Sat, Jan 6, 2018",7:00p,Cleveland Cavaliers,131,Orlando Magic,127,"18,997",-4,0
"Sat, Jan 6, 2018",8:00p,Milwaukee Bucks,110,Washington Wizards,103,"18,762",-7,0
"Sat, Jan 6, 2018",9:00p,New Orleans Pelicans,98,Minnesota Timberwolves,116,"18,978",18,1
"Sat, Jan 6, 2018",10:00p,Denver Nuggets,98,Sacramento Kings,106,"17,583",8,1
"Sun, Jan 7, 2018",3:30p,Utah Jazz,102,Miami Heat,103,"19,600",1,1
"Sun, Jan 7, 2018",7:00p,New York Knicks,100,Dallas Mavericks,96,"20,171",-4,0
"Sun, Jan 7, 2018",8:00p,Oklahoma City Thunder,100,Phoenix Suns,114,"18,055",14,1
"Sun, Jan 7, 2018",9:00p,San Antonio Spurs,110,Portland Trail Blazers,111,"19,393",1,1
"Sun, Jan 7, 2018",9:30p,Atlanta Hawks,113,Los Angeles Lakers,132,"18,997",19,1
"Mon, Jan 8, 2018",7:00p,Milwaukee Bucks,96,Indiana Pacers,109,"14,670",13,1
"Mon, Jan 8, 2018",7:30p,Toronto Raptors,114,Brooklyn Nets,113,"13,681",-1,0
"Mon, Jan 8, 2018",8:00p,Houston Rockets,116,Chicago Bulls,107,"17,462",-9,0
"Mon, Jan 8, 2018",8:00p,Cleveland Cavaliers,99,Minnesota Timberwolves,127,"18,978",28,1
"Mon, Jan 8, 2018",8:00p,Detroit Pistons,109,New Orleans Pelicans,112,"12,874",3,1
"Mon, Jan 8, 2018",10:00p,San Antonio Spurs,107,Sacramento Kings,100,"17,583",-7,0
"Mon, Jan 8, 2018",10:30p,Denver Nuggets,114,Golden State Warriors,124,"19,596",10,1
"Mon, Jan 8, 2018",10:30p,Atlanta Hawks,107,Los Angeles Clippers,108,"14,624",1,1
"Tue, Jan 9, 2018",7:30p,Miami Heat,90,Toronto Raptors,89,"19,800",-1,0
"Tue, Jan 9, 2018",8:00p,Portland Trail Blazers,117,Oklahoma City Thunder,106,"18,203",-11,0
"Tue, Jan 9, 2018",8:30p,Orlando Magic,99,Dallas Mavericks,114,"19,306",15,1
"Tue, Jan 9, 2018",10:30p,Sacramento Kings,86,Los Angeles Lakers,99,"18,997",13,1
"Wed, Jan 10, 2018",7:00p,Dallas Mavericks,115,Charlotte Hornets,111,"14,462",-4,0
"Wed, Jan 10, 2018",7:00p,Miami Heat,114,Indiana Pacers,106,"14,540",-8,0
"Wed, Jan 10, 2018",7:00p,Utah Jazz,107,Washington Wizards,104,"15,640",-3,0
"Wed, Jan 10, 2018",7:30p,Detroit Pistons,114,Brooklyn Nets,80,"13,457",-34,0
"Wed, Jan 10, 2018",7:30p,Chicago Bulls,122,New York Knicks,119,"19,812",-3,0
"Wed, Jan 10, 2018",8:00p,Portland Trail Blazers,112,Houston Rockets,121,"18,055",9,1
"Wed, Jan 10, 2018",8:00p,New Orleans Pelicans,102,Memphis Grizzlies,105,"14,312",3,1
"Wed, Jan 10, 2018",8:00p,Orlando Magic,103,Milwaukee Bucks,110,"14,543",7,1
"Wed, Jan 10, 2018",8:00p,Oklahoma City Thunder,88,Minnesota Timberwolves,104,"18,978",16,1
"Wed, Jan 10, 2018",9:00p,Atlanta Hawks,110,Denver Nuggets,97,"14,182",-13,0
"Wed, Jan 10, 2018",10:30p,Los Angeles Clippers,125,Golden State Warriors,106,"19,596",-19,0
"Thu, Jan 11, 2018",3:00p,Boston Celtics,114,Philadelphia 76ers,103,"19,078",-11,0
"Thu, Jan 11, 2018",8:00p,Cleveland Cavaliers,99,Toronto Raptors,133,"19,923",34,1
"Thu, Jan 11, 2018",10:00p,Los Angeles Clippers,121,Sacramento Kings,115,"17,583",-6,0
"Thu, Jan 11, 2018",10:30p,San Antonio Spurs,81,Los Angeles Lakers,93,"18,997",12,1
"Fri, Jan 12, 2018",7:00p,Utah Jazz,88,Charlotte Hornets,99,"14,848",11,1
"Fri, Jan 12, 2018",7:00p,Cleveland Cavaliers,95,Indiana Pacers,97,"17,923",2,1
"Fri, Jan 12, 2018",7:00p,Orlando Magic,119,Washington Wizards,125,"18,171",6,1
"Fri, Jan 12, 2018",7:30p,Brooklyn Nets,110,Atlanta Hawks,105,"13,093",-5,0
"Fri, Jan 12, 2018",8:00p,Golden State Warriors,108,Milwaukee Bucks,94,"18,717",-14,0
"Fri, Jan 12, 2018",8:00p,New York Knicks,108,Minnesota Timberwolves,118,"18,978",10,1
"Fri, Jan 12, 2018",8:00p,Portland Trail Blazers,113,New Orleans Pelicans,119,"17,003",6,1
"Fri, Jan 12, 2018",9:00p,Memphis Grizzlies,78,Denver Nuggets,87,"15,607",9,1
"Fri, Jan 12, 2018",10:30p,Houston Rockets,112,Phoenix Suns,95,"18,055",-17,0
"Sat, Jan 13, 2018",2:00p,Los Angeles Lakers,107,Dallas Mavericks,101,"20,209",-6,0
"Sat, Jan 13, 2018",3:30p,Sacramento Kings,105,Los Angeles Clippers,126,"16,656",21,1
"Sat, Jan 13, 2018",5:00p,Oklahoma City Thunder,101,Charlotte Hornets,91,"19,624",-10,0
"Sat, Jan 13, 2018",7:00p,Brooklyn Nets,113,Washington Wizards,119,"18,354",6,1
"Sat, Jan 13, 2018",7:30p,Golden State Warriors,127,Toronto Raptors,125,"20,078",-2,0
"Sat, Jan 13, 2018",8:00p,Detroit Pistons,105,Chicago Bulls,107,"21,613",2,1
"Sat, Jan 13, 2018",8:30p,Denver Nuggets,80,San Antonio Spurs,112,"18,418",32,1
"Sun, Jan 14, 2018",1:00p,Milwaukee Bucks,79,Miami Heat,97,"19,600",18,1
"Sun, Jan 14, 2018",3:30p,New Orleans Pelicans,123,New York Knicks,118,"19,812",-5,0
"Sun, Jan 14, 2018",8:00p,Indiana Pacers,120,Phoenix Suns,97,"17,091",-23,0
"Sun, Jan 14, 2018",9:00p,Portland Trail Blazers,103,Minnesota Timberwolves,120,"14,739",17,1
"Mon, Jan 15, 2018",12:30p,Charlotte Hornets,118,Detroit Pistons,107,"17,200",-11,0
"Mon, Jan 15, 2018",1:00p,Toronto Raptors,111,Philadelphia 76ers,117,"20,637",6,1
"Mon, Jan 15, 2018",2:00p,Milwaukee Bucks,104,Washington Wizards,95,"19,607",-9,0
"Mon, Jan 15, 2018",3:00p,San Antonio Spurs,99,Atlanta Hawks,102,"15,806",3,1
"Mon, Jan 15, 2018",3:00p,New York Knicks,119,Brooklyn Nets,104,"17,732",-15,0
"Mon, Jan 15, 2018",3:30p,Miami Heat,111,Chicago Bulls,119,"20,546",8,1
"Mon, Jan 15, 2018",5:30p,Los Angeles Lakers,114,Memphis Grizzlies,123,"17,794",9,1
"Mon, Jan 15, 2018",8:00p,Golden State Warriors,118,Cleveland Cavaliers,108,"20,562",-10,0
"Mon, Jan 15, 2018",8:00p,Sacramento Kings,88,Oklahoma City Thunder,95,"18,203",7,1
"Mon, Jan 15, 2018",9:00p,Indiana Pacers,109,Utah Jazz,94,"18,306",-15,0
"Mon, Jan 15, 2018",10:30p,Houston Rockets,102,Los Angeles Clippers,113,"17,622",11,1
"Tue, Jan 16, 2018",7:00p,Minnesota Timberwolves,102,Orlando Magic,108,"18,589",6,1
"Tue, Jan 16, 2018",7:30p,New Orleans Pelicans,116,Boston Celtics,113,"18,624",-3,0
"Tue, Jan 16, 2018",9:00p,Dallas Mavericks,102,Denver Nuggets,105,"14,097",3,1
"Tue, Jan 16, 2018",10:00p,Phoenix Suns,111,Portland Trail Blazers,118,"18,604",7,1
"Wed, Jan 17, 2018",7:00p,Washington Wizards,109,Charlotte Hornets,133,"11,528",24,1
"Wed, Jan 17, 2018",7:30p,New Orleans Pelicans,93,Atlanta Hawks,94,"10,894",1,1
"Wed, Jan 17, 2018",7:30p,San Antonio Spurs,100,Brooklyn Nets,95,"15,425",-5,0
"Wed, Jan 17, 2018",7:30p,Detroit Pistons,91,Toronto Raptors,96,"19,800",5,1
"Wed, Jan 17, 2018",8:00p,Golden State Warriors,119,Chicago Bulls,112,"21,372",-7,0
"Wed, Jan 17, 2018",8:00p,New York Knicks,99,Memphis Grizzlies,105,"12,885",6,1
"Wed, Jan 17, 2018",8:00p,Miami Heat,106,Milwaukee Bucks,101,"16,695",-5,0
"Wed, Jan 17, 2018",8:00p,Los Angeles Lakers,90,Oklahoma City Thunder,114,"18,203",24,1
"Wed, Jan 17, 2018",10:00p,Utah Jazz,120,Sacramento Kings,105,"17,583",-15,0
"Wed, Jan 17, 2018",10:30p,Denver Nuggets,104,Los Angeles Clippers,109,"15,043",5,1
"Thu, Jan 18, 2018",7:00p,Philadelphia 76ers,89,Boston Celtics,80,"18,624",-9,0
"Thu, Jan 18, 2018",7:00p,Orlando Magic,103,Cleveland Cavaliers,104,"20,562",1,1
"Thu, Jan 18, 2018",9:30p,Minnesota Timberwolves,98,Houston Rockets,116,"18,055",18,1
"Thu, Jan 18, 2018",10:00p,Indiana Pacers,86,Portland Trail Blazers,100,"19,071",14,1
"Fri, Jan 19, 2018",7:00p,San Antonio Spurs,83,Toronto Raptors,86,"19,800",3,1
"Fri, Jan 19, 2018",7:30p,Miami Heat,95,Brooklyn Nets,101,"17,732",6,1
"Fri, Jan 19, 2018",8:00p,Washington Wizards,122,Detroit Pistons,112,"14,744",-10,0
"Fri, Jan 19, 2018",8:00p,Sacramento Kings,88,Memphis Grizzlies,106,"16,831",18,1
"Fri, Jan 19, 2018",9:00p,Phoenix Suns,108,Denver Nuggets,100,"15,732",-8,0
"Fri, Jan 19, 2018",10:30p,Indiana Pacers,86,Los Angeles Lakers,99,"18,997",13,1
"Fri, Jan 19, 2018",10:30p,New York Knicks,117,Utah Jazz,115,"18,306",-2,0
"Sat, Jan 20, 2018",3:30p,Oklahoma City Thunder,148,Cleveland Cavaliers,124,"20,562",-24,0
"Sat, Jan 20, 2018",5:00p,Chicago Bulls,113,Atlanta Hawks,97,"15,597",-16,0
"Sat, Jan 20, 2018",7:00p,Miami Heat,106,Charlotte Hornets,105,"18,687",-1,0
"Sat, Jan 20, 2018",7:00p,Memphis Grizzlies,104,New Orleans Pelicans,111,"18,212",7,1
"Sat, Jan 20, 2018",7:30p,Milwaukee Bucks,94,Philadelphia 76ers,116,"20,826",22,1
"Sat, Jan 20, 2018",8:30p,Golden State Warriors,108,Houston Rockets,116,"18,055",8,1
"Sat, Jan 20, 2018",9:00p,Toronto Raptors,109,Minnesota Timberwolves,115,"17,828",6,1
"Sat, Jan 20, 2018",9:00p,Los Angeles Clippers,113,Utah Jazz,125,"18,306",12,1
"Sat, Jan 20, 2018",10:00p,Dallas Mavericks,108,Portland Trail Blazers,117,"19,464",9,1
"Sun, Jan 21, 2018",1:00p,Orlando Magic,103,Boston Celtics,95,"18,624",-8,0
"Sun, Jan 21, 2018",3:30p,New York Knicks,107,Los Angeles Lakers,127,"18,997",20,1
"Sun, Jan 21, 2018",4:00p,Brooklyn Nets,101,Detroit Pistons,100,"17,554",-1,0
"Sun, Jan 21, 2018",7:00p,Indiana Pacers,94,San Antonio Spurs,86,"18,418",-8,0
"Mon, Jan 22, 2018",7:00p,Sacramento Kings,107,Charlotte Hornets,112,"11,806",5,1
"Mon, Jan 22, 2018",7:30p,Utah Jazz,90,Atlanta Hawks,104,"11,096",14,1
"Mon, Jan 22, 2018",8:00p,Miami Heat,90,Houston Rockets,99,"18,055",9,1
"Mon, Jan 22, 2018",8:00p,Philadelphia 76ers,101,Memphis Grizzlies,105,"14,288",4,1
"Mon, Jan 22, 2018",8:00p,Phoenix Suns,105,Milwaukee Bucks,109,"14,766",4,1
"Mon, Jan 22, 2018",8:00p,Chicago Bulls,128,New Orleans Pelicans,132,"17,101",4,1
"Mon, Jan 22, 2018",8:30p,Washington Wizards,75,Dallas Mavericks,98,"19,328",23,1
"Mon, Jan 22, 2018",9:00p,Portland Trail Blazers,101,Denver Nuggets,104,"14,474",3,1
"Mon, Jan 22, 2018",10:30p,Minnesota Timberwolves,126,Los Angeles Clippers,118,"16,347",-8,0
"Tue, Jan 23, 2018",7:00p,Sacramento Kings,105,Orlando Magic,99,"18,846",-6,0
"Tue, Jan 23, 2018",8:00p,Brooklyn Nets,108,Oklahoma City Thunder,109,"18,203",1,1
"Tue, Jan 23, 2018",8:00p,Cleveland Cavaliers,102,San Antonio Spurs,114,"18,418",12,1
"Tue, Jan 23, 2018",10:30p,New York Knicks,112,Golden State Warriors,123,"19,596",11,1
"Tue, Jan 23, 2018",10:30p,Boston Celtics,107,Los Angeles Lakers,108,"18,997",1,1
"Wed, Jan 24, 2018",7:00p,New Orleans Pelicans,101,Charlotte Hornets,96,"14,588",-5,0
"Wed, Jan 24, 2018",7:00p,Utah Jazz,98,Detroit Pistons,95,"15,682",-3,0
"Wed, Jan 24, 2018",7:00p,Phoenix Suns,101,Indiana Pacers,116,"14,060",15,1
"Wed, Jan 24, 2018",7:00p,Chicago Bulls,101,Philadelphia 76ers,115,"20,547",14,1
"Wed, Jan 24, 2018",7:30p,Toronto Raptors,108,Atlanta Hawks,93,"12,780",-15,0
"Wed, Jan 24, 2018",8:00p,Houston Rockets,104,Dallas Mavericks,97,"19,378",-7,0
"Wed, Jan 24, 2018",8:00p,San Antonio Spurs,108,Memphis Grizzlies,85,"15,812",-23,0
"Wed, Jan 24, 2018",10:00p,Minnesota Timberwolves,114,Portland Trail Blazers,123,"18,920",9,1
"Wed, Jan 24, 2018",10:30p,Boston Celtics,113,Los Angeles Clippers,102,"19,430",-11,0
"Thu, Jan 25, 2018",7:30p,Sacramento Kings,89,Miami Heat,88,"19,600",-1,0
"Thu, Jan 25, 2018",8:00p,Washington Wizards,112,Oklahoma City Thunder,121,"18,203",9,1
"Thu, Jan 25, 2018",9:00p,New York Knicks,118,Denver Nuggets,130,"15,482",12,1
"Thu, Jan 25, 2018",10:30p,Minnesota Timberwolves,113,Golden State Warriors,126,"19,596",13,1
"Fri, Jan 26, 2018",7:00p,Atlanta Hawks,110,Charlotte Hornets,121,"15,479",11,1
"Fri, Jan 26, 2018",7:30p,Indiana Pacers,108,Cleveland Cavaliers,115,"20,562",7,1
"Fri, Jan 26, 2018",7:30p,Utah Jazz,97,Toronto Raptors,93,"19,800",-4,0
"Fri, Jan 26, 2018",8:00p,Los Angeles Lakers,108,Chicago Bulls,103,"21,827",-5,0
"Fri, Jan 26, 2018",8:00p,Los Angeles Clippers,109,Memphis Grizzlies,100,"16,369",-9,0
"Fri, Jan 26, 2018",8:00p,Brooklyn Nets,91,Milwaukee Bucks,116,"18,717",25,1
"Fri, Jan 26, 2018",8:00p,Houston Rockets,113,New Orleans Pelicans,115,"17,186",2,1
"Fri, Jan 26, 2018",8:30p,Portland Trail Blazers,107,Dallas Mavericks,93,"19,876",-14,0
"Fri, Jan 26, 2018",8:30p,Philadelphia 76ers,97,San Antonio Spurs,78,"18,418",-19,0
"Fri, Jan 26, 2018",9:00p,New York Knicks,107,Phoenix Suns,85,"17,068",-22,0
"Sat, Jan 27, 2018",5:00p,Oklahoma City Thunder,121,Detroit Pistons,108,"20,491",-13,0
"Sat, Jan 27, 2018",7:00p,Orlando Magic,112,Indiana Pacers,114,"17,923",2,1
"Sat, Jan 27, 2018",7:30p,Washington Wizards,129,Atlanta Hawks,104,"15,843",-25,0
"Sat, Jan 27, 2018",7:30p,Charlotte Hornets,91,Miami Heat,95,"19,600",4,1
"Sat, Jan 27, 2018",8:30p,Boston Celtics,105,Golden State Warriors,109,"19,596",4,1
"Sat, Jan 27, 2018",9:00p,Dallas Mavericks,89,Denver Nuggets,91,"19,520",2,1
"Sat, Jan 27, 2018",9:00p,Brooklyn Nets,97,Minnesota Timberwolves,111,"16,231",14,1
"Sun, Jan 28, 2018",3:30p,Milwaukee Bucks,110,Chicago Bulls,96,"21,630",-14,0
"Sun, Jan 28, 2018",3:30p,Phoenix Suns,102,Houston Rockets,113,"18,055",11,1
"Sun, Jan 28, 2018",4:00p,Los Angeles Clippers,112,New Orleans Pelicans,103,"16,378",-9,0
"Sun, Jan 28, 2018",6:00p,Detroit Pistons,104,Cleveland Cavaliers,121,"20,562",17,1
"Sun, Jan 28, 2018",6:00p,Philadelphia 76ers,112,Oklahoma City Thunder,122,"18,202",10,1
"Sun, Jan 28, 2018",6:00p,Los Angeles Lakers,111,Toronto Raptors,123,"19,800",12,1
"Sun, Jan 28, 2018",7:00p,Sacramento Kings,98,San Antonio Spurs,113,"18,418",15,1
"Mon, Jan 29, 2018",7:00p,Charlotte Hornets,96,Indiana Pacers,105,"14,225",9,1
"Mon, Jan 29, 2018",7:30p,Minnesota Timberwolves,100,Atlanta Hawks,105,"12,589",5,1
"Mon, Jan 29, 2018",8:00p,Phoenix Suns,109,Memphis Grizzlies,120,"13,202",11,1
"Mon, Jan 29, 2018",8:00p,Philadelphia 76ers,95,Milwaukee Bucks,107,"14,126",12,1
"Mon, Jan 29, 2018",8:30p,Miami Heat,95,Dallas Mavericks,88,"19,555",-7,0
"Mon, Jan 29, 2018",9:00p,Boston Celtics,111,Denver Nuggets,110,"19,520",-1,0
"Tue, Jan 30, 2018",7:00p,Oklahoma City Thunder,96,Washington Wizards,102,"20,356",6,1
"Tue, Jan 30, 2018",7:30p,Brooklyn Nets,95,New York Knicks,111,"19,505",16,1
"Tue, Jan 30, 2018",7:30p,Minnesota Timberwolves,104,Toronto Raptors,109,"19,800",5,1
"Tue, Jan 30, 2018",8:00p,Cleveland Cavaliers,114,Detroit Pistons,125,"18,508",11,1
"Tue, Jan 30, 2018",8:00p,Orlando Magic,107,Houston Rockets,114,"18,055",7,1
"Tue, Jan 30, 2018",8:00p,Sacramento Kings,114,New Orleans Pelicans,103,"14,292",-11,0
"Tue, Jan 30, 2018",8:30p,Denver Nuggets,104,San Antonio Spurs,106,"18,418",2,1
"Tue, Jan 30, 2018",9:00p,Golden State Warriors,99,Utah Jazz,129,"18,306",30,1
"Tue, Jan 30, 2018",10:30p,Portland Trail Blazers,104,Los Angeles Clippers,96,"16,705",-8,0
"Wed, Jan 31, 2018",7:00p,Memphis Grizzlies,101,Indiana Pacers,105,"15,093",4,1
"Wed, Jan 31, 2018",7:00p,Los Angeles Lakers,105,Orlando Magic,127,"18,553",22,1
"Wed, Jan 31, 2018",7:30p,Charlotte Hornets,123,Atlanta Hawks,110,"13,103",-13,0
"Wed, Jan 31, 2018",7:30p,Philadelphia 76ers,108,Brooklyn Nets,116,"15,577",8,1
"Wed, Jan 31, 2018",7:30p,Miami Heat,89,Cleveland Cavaliers,91,"20,562",2,1
"Wed, Jan 31, 2018",8:00p,New York Knicks,73,Boston Celtics,103,"18,624",30,1
"Wed, Jan 31, 2018",10:00p,Chicago Bulls,108,Portland Trail Blazers,124,"19,422",16,1
"Wed, Jan 31, 2018",10:30p,Dallas Mavericks,88,Phoenix Suns,102,"15,923",14,1
